{
  "totalTrades": 45008,
  "totalFees": 30300071.62863878,
  "initialBalance": 100000,
  "finalBalance": 832227.4192378465,
  "maxDrawdown": -0.7215363069886527,
  "returns": 7.322274192378465
}