{
  "totalTrades": 45008,
  "totalFees": 817557.2688379647,
  "initialBalance": 100000,
  "finalBalance": 119756.97801567403,
  "maxDrawdown": -0.10452608818653497,
  "returns": 0.19756978015674032
}