{
  "totalTrades": 45008,
  "totalFees": 482463.71842321486,
  "initialBalance": 100000,
  "finalBalance": 111659.1527487684,
  "maxDrawdown": -0.0649068995313451,
  "returns": 0.11659152748768407
}