{
  "totalTrades": 45008,
  "totalFees": 44888995.04720994,
  "initialBalance": 100000,
  "finalBalance": 1184781.362844438,
  "maxDrawdown": -0.762078219882804,
  "returns": 10.847813628444381
}