{
  "totalTrades": 45008,
  "totalFees": 31562574.63744733,
  "initialBalance": 100000,
  "finalBalance": 862736.8956262184,
  "maxDrawdown": -0.7262917660207443,
  "returns": 7.627368956262184
}