{
  "totalTrades": 45008,
  "totalFees": 5941190.520418577,
  "initialBalance": 100000,
  "finalBalance": 243574.0038929375,
  "maxDrawdown": -0.4317661036915663,
  "returns": 1.435740038929375
}