{
  "totalTrades": 45008,
  "totalFees": 662381.6607962654,
  "initialBalance": 100000,
  "finalBalance": 116007.02532917162,
  "maxDrawdown": -0.08667985251826782,
  "returns": 0.16007025329171623
}