{
  "totalTrades": 45008,
  "totalFees": 26933397.03561028,
  "initialBalance": 100000,
  "finalBalance": 750868.8178827012,
  "maxDrawdown": -0.7070688226480718,
  "returns": 6.508688178827012
}